{
    "analytic_eif-tmle": [
        0.29480472207069397,
        0.154845729470253,
        0.1780671328306198,
        0.309093177318573,
        0.458683580160141,
        0.14270278811454773,
        0.3192795217037201,
        0.34946882724761963,
        0.369506299495697,
        0.3466206192970276,
        0.2951693832874298,
        0.512150228023529,
        0.425812304019928,
        0.19491614401340485,
        0.4425966441631317,
        0.4880734384059906,
        0.23327100276947021,
        0.24540312588214874,
        0.3959514796733856,
        0.572983980178833,
        0.36296698451042175,
        0.1563234180212021,
        0.15700078010559082,
        0.19665764272212982,
        0.3422546982765198,
        0.34216558933258057,
        0.3437070846557617,
        0.3731553256511688,
        0.41093921661376953,
        0.42433691024780273,
        0.3440423905849457,
        0.2885344624519348,
        0.2176325023174286,
        0.30118075013160706,
        0.21895116567611694,
        0.3363306522369385,
        0.2881864011287689,
        0.3109566271305084,
        0.5502058267593384,
        0.19899773597717285,
        0.37711605429649353,
        0.19911745190620422,
        0.24518877267837524,
        0.5873903036117554,
        0.3669925928115845,
        0.45322027802467346,
        0.1830274611711502,
        0.4631514549255371,
        0.3272465169429779,
        0.3190767765045166
    ],
    "analytic_eif-one_step": [
        0.34353700280189514,
        0.13584259152412415,
        0.36127716302871704,
        0.15113501250743866,
        0.27882128953933716,
        0.1423613578081131,
        0.06405952572822571,
        0.3712005615234375,
        0.13835936784744263,
        0.16611404716968536,
        0.24185031652450562,
        0.28594306111335754,
        0.1216767430305481,
        0.06503324210643768,
        0.15733659267425537,
        0.26941221952438354,
        0.22228166460990906,
        0.1440175473690033,
        0.4367375075817108,
        0.26493746042251587,
        0.41136711835861206,
        0.010259732604026794,
        0.2545619308948517,
        0.11344790458679199,
        0.30539238452911377,
        0.24778860807418823,
        0.2743147909641266,
        0.1681550294160843,
        0.05331215262413025,
        0.24705490469932556,
        0.3112924098968506,
        0.17059417068958282,
        0.2445177435874939,
        0.20261558890342712,
        0.37346112728118896,
        0.17238087952136993,
        0.1756667196750641,
        0.28845158219337463,
        0.17961084842681885,
        0.15993772447109222,
        0.6067849397659302,
        0.17112401127815247,
        0.41263389587402344,
        0.2350786328315735,
        0.1982877105474472,
        -0.012186408042907715,
        0.3428800702095032,
        0.2197500765323639,
        0.2696734666824341,
        0.08713576197624207
    ],
    "analytic_eif-double_ml": [
        0.6361349821090698,
        0.5309189856052399,
        0.9158359318971634,
        0.7087532132863998,
        0.8173158764839172,
        0.6751835569739342,
        0.4823194742202759,
        0.9330247044563293,
        0.7448698878288269,
        0.5200318247079849,
        0.8224777281284332,
        0.699287623167038,
        0.5718091130256653,
        0.5177016705274582,
        0.5459288358688354,
        0.8066826462745667,
        0.7433740049600601,
        0.6001838147640228,
        0.9106434285640717,
        0.6786685585975647,
        0.9169524013996124,
        0.4951963275671005,
        0.8120758682489395,
        0.6665371954441071,
        0.781407356262207,
        0.9903062283992767,
        0.6714800298213959,
        0.7720862179994583,
        0.6427560746669769,
        0.8552378118038177,
        0.8470920622348785,
        0.6630908995866776,
        0.6561408638954163,
        0.6787867248058319,
        0.7898553758859634,
        0.6569745391607285,
        0.7045330703258514,
        0.7726262509822845,
        0.6773330569267273,
        0.7441492974758148,
        1.0908786058425903,
        0.5965169966220856,
        1.0021242052316666,
        0.7290205359458923,
        0.6613835543394089,
        0.5153348445892334,
        0.7640452533960342,
        0.7928963005542755,
        0.7241942882537842,
        0.4839417636394501
    ],
    "monte_carlo_eif-tmle": [
        0.3155955672264099,
        0.12997934222221375,
        0.20883847773075104,
        0.3270210325717926,
        0.49054190516471863,
        0.1453614979982376,
        0.33265239000320435,
        0.3326042890548706,
        0.33840954303741455,
        0.37711814045906067,
        0.28450721502304077,
        0.5187819600105286,
        0.4033525288105011,
        0.18305093050003052,
        0.42360472679138184,
        0.46743232011795044,
        0.2725902497768402,
        0.24055863916873932,
        0.3730815052986145,
        0.5657938718795776,
        0.34321627020835876,
        0.1875062733888626,
        0.1575453281402588,
        0.20332394540309906,
        0.3585251569747925,
        0.339942067861557,
        0.3490593731403351,
        0.3534829616546631,
        0.4144774377346039,
        0.44729042053222656,
        0.35336554050445557,
        0.29882264137268066,
        0.21189936995506287,
        0.2798171639442444,
        0.24114775657653809,
        0.3190464675426483,
        0.2775978147983551,
        0.32670706510543823,
        0.5442466139793396,
        0.2352093756198883,
        0.36977940797805786,
        0.22053493559360504,
        0.2218434363603592,
        0.6146228909492493,
        0.38115185499191284,
        0.4502531886100769,
        0.2135109156370163,
        0.4553815424442291,
        0.3162468671798706,
        0.3212607502937317
    ],
    "monte_carlo_eif-one_step": [
        0.35389941930770874,
        0.12066487222909927,
        0.3272823095321655,
        0.16992847621440887,
        0.28082412481307983,
        0.11357730627059937,
        0.09033170342445374,
        0.36031511425971985,
        0.16861987113952637,
        0.17305417358875275,
        0.22208906710147858,
        0.2634490728378296,
        0.1412336826324463,
        0.08644792437553406,
        0.16948935389518738,
        0.226078063249588,
        0.22199749946594238,
        0.1070089042186737,
        0.40926358103752136,
        0.1891499161720276,
        0.3888532817363739,
        0.01757611334323883,
        0.22711563110351562,
        0.15685753524303436,
        0.3101191520690918,
        0.23816123604774475,
        0.2897639274597168,
        0.15883100032806396,
        0.07443976402282715,
        0.2450403869152069,
        0.30531036853790283,
        0.15060684084892273,
        0.2828177511692047,
        0.2171541452407837,
        0.3851669430732727,
        0.1901264786720276,
        0.17384007573127747,
        0.2987920641899109,
        0.16489866375923157,
        0.17583397030830383,
        0.5671582818031311,
        0.18640074133872986,
        0.38012346625328064,
        0.2844260036945343,
        0.19556564092636108,
        -0.035295337438583374,
        0.3175429105758667,
        0.24713431298732758,
        0.24698291718959808,
        0.08802415430545807
    ],