{
    "analytic_eif-tmle": [
        0.29480472207069397,
        0.154845729470253,
        0.1780671328306198,
        0.309093177318573,
        0.458683580160141,
        0.14270278811454773,
        0.3192795217037201,
        0.34946882724761963,
        0.369506299495697,
        0.3466206192970276,
        0.2951693832874298,
        0.512150228023529,
        0.425812304019928,
        0.19491614401340485,
        0.4425966441631317,
        0.4880734384059906,
        0.23327100276947021,
        0.24540312588214874,
        0.3959514796733856,
        0.572983980178833,
        0.36296698451042175,
        0.1563234180212021,
        0.15700078010559082,
        0.19665764272212982,
        0.3422546982765198
    ],
    "analytic_eif-one_step": [
        0.34353700280189514,
        0.13584259152412415,
        0.36127716302871704,
        0.15113501250743866,
        0.27882128953933716,
        0.1423613578081131,
        0.06405952572822571,
        0.3712005615234375,
        0.13835936784744263,
        0.16611404716968536,
        0.24185031652450562,
        0.28594306111335754,
        0.1216767430305481,
        0.06503324210643768,
        0.15733659267425537,
        0.26941221952438354,
        0.22228166460990906,
        0.1440175473690033,
        0.4367375075817108,
        0.26493746042251587,
        0.41136711835861206,
        0.010259732604026794,
        0.2545619308948517,
        0.11344790458679199,
        0.30539238452911377
    ],
    "analytic_eif-double_ml": [
        0.6361349821090698,
        0.5309189856052399,
        0.9158359318971634,
        0.7087532132863998,
        0.8173158764839172,
        0.6751835569739342,
        0.4823194742202759,
        0.9330247044563293,
        0.7448698878288269,
        0.5200318247079849,
        0.8224777281284332,
        0.699287623167038,
        0.5718091130256653,
        0.5177016705274582,
        0.5459288358688354,
        0.8066826462745667,
        0.7433740049600601,
        0.6001838147640228,
        0.9106434285640717,
        0.6786685585975647,
        0.9169524013996124,
        0.4951963275671005,
        0.8120758682489395,
        0.6665371954441071,
        0.781407356262207
    ],
    "monte_carlo_eif-tmle": [
        0.3155955672264099,
        0.12997934222221375,
        0.20883847773075104,
        0.3270210325717926,
        0.49054190516471863,
        0.1453614979982376,
        0.33265239000320435,
        0.3326042890548706,
        0.33840954303741455,
        0.37711814045906067,
        0.28450721502304077,
        0.5187819600105286,
        0.4033525288105011,
        0.18305093050003052,
        0.42360472679138184,
        0.46743232011795044,
        0.2725902497768402,
        0.24055863916873932,
        0.3730815052986145,
        0.5657938718795776,
        0.34321627020835876,
        0.1875062733888626,
        0.1575453281402588,
        0.20332394540309906,
        0.3585251569747925
    ],
    "monte_carlo_eif-one_step": [
        0.35389941930770874,
        0.12066487222909927,
        0.3272823095321655,
        0.16992847621440887,
        0.28082412481307983,
        0.11357730627059937,
        0.09033170342445374,
        0.36031511425971985,
        0.16861987113952637,
        0.17305417358875275,
        0.22208906710147858,
        0.2634490728378296,
        0.1412336826324463,
        0.08644792437553406,
        0.16948935389518738,
        0.226078063249588,
        0.22199749946594238,
        0.1070089042186737,
        0.40926358103752136,
        0.1891499161720276,
        0.3888532817363739,
        0.01757611334323883,
        0.22711563110351562,
        0.15685753524303436,
        0.3101191520690918
    ],
    "monte_carlo_eif-double_ml": [
        0.6464973986148834,
        0.515741266310215,
        0.8818410784006119,
        0.7275466769933701,
        0.8193187117576599,
        0.6463995054364204,
        0.5085916519165039,
        0.9221392571926117,
        0.7751303911209106,
        0.5269719511270523,
        0.8027164787054062,
        0.67679363489151,
        0.5913660526275635,
        0.5391163527965546,
        0.5580815970897675,
        0.7633484899997711,
        0.7430898398160934,
        0.5631751716136932,
        0.8831695020198822,
        0.6028810143470764,
        0.8944385647773743,
        0.5025127083063126,
        0.7846295684576035,
        0.7099468261003494,
        0.7861341238021851
    ],
    "plug-in-mle-from-model": [
        0.29303088784217834,
        0.16591405868530273,
        0.1615283340215683,
        0.3347514867782593,
        0.48925507068634033,
        0.10964994877576828,
        0.3111332952976227,
        0.3290335536003113,
        0.34723520278930664,
        0.3917902112007141,
        0.331586092710495,
        0.5071767568588257,
        0.4482594132423401,
        0.20763325691223145,
        0.4439792037010193,
        0.4998875856399536,
        0.2433425337076187,
        0.2581843137741089,
        0.38689935207366943,
        0.5970532894134521,
        0.3297704756259918,
        0.1574830412864685,
        0.14008547365665436,
        0.22331777215003967,
        0.3969348669052124
    ],
    "plug-in-mle-from-test": [
        0.585628867149353,
        0.5609904527664185,
        0.7160871028900146,
        0.8923696875572205,
        1.0277496576309204,
        0.6424721479415894,
        0.7293932437896729,
        0.8908576965332031,
        0.9537457227706909,
        0.7457079887390137,
        0.9122135043144226,
        0.9205213189125061,
        0.8983917832374573,
        0.660301685333252,
        0.8325714468955994,
        1.0371580123901367,
        0.7644348740577698,
        0.7143505811691284,
        0.8608052730560303,
        1.010784387588501,
        0.8353557586669922,
        0.6424196362495422,
        0.6975994110107422,
        0.7764070630073547,
        0.8729498386383057
    ]
}