{
    "monte_carlo_eif-one_step": [
        0.0033553107641637325,
        0.0001748679205775261,
        0.0005432892357930541,
        0.002301593543961644,
        0.0011094644432887435
    ],
    "plug-in-mle-from-model": [
        0.001417180523276329,
        0.00015472801169380546,
        0.0003509732778184116,
        0.0003669464203994721,
        0.0007656660163775086
    ]
}